,Fold,accuracy,mean_accuracy,hidden_1,hidden_2,batch_size,epochs_vae,learning_rate,dropout_input,dropout_hidden
0,1,0.7743902206420898,0.70702523,100,20,200,100,0.01,0.5,0.4
1,2,0.7239263653755188,0.70702523,100,20,200,100,0.01,0.5,0.4
2,3,0.699386477470398,0.70702523,100,20,200,100,0.01,0.5,0.4
3,4,0.6932515501976013,0.70702523,100,20,200,100,0.01,0.5,0.4
4,5,0.6441717743873596,0.70702523,100,20,200,100,0.01,0.5,0.4
