,Fold,accuracy,mean_accuracy,hidden_1,hidden_2,batch_size,epochs_vae,learning_rate,dropout_input,dropout_hidden
0,1,0.7560975551605225,0.72790664,100,20,200,100,0.01,0,0.6
1,2,0.5766870975494385,0.72790664,100,20,200,100,0.01,0,0.6
2,3,0.7668711543083191,0.72790664,100,20,200,100,0.01,0,0.6
3,4,0.7975460290908813,0.72790664,100,20,200,100,0.01,0,0.6
4,5,0.7423312664031982,0.72790664,100,20,200,100,0.01,0,0.6
