,Fold,accuracy,mean_accuracy,hidden_1,hidden_2,batch_size,epochs_vae,learning_rate,dropout_input,dropout_hidden
0,1,0.8170731663703918,0.77323055,100,20,200,100,0.01,0.5,0.8
1,2,0.7484662532806396,0.77323055,100,20,200,100,0.01,0.5,0.8
2,3,0.7484662532806396,0.77323055,100,20,200,100,0.01,0.5,0.8
3,4,0.8159509301185608,0.77323055,100,20,200,100,0.01,0.5,0.8
4,5,0.7361963391304016,0.77323055,100,20,200,100,0.01,0.5,0.8
