,Fold,accuracy,mean_accuracy,hidden_1,hidden_2,batch_size,epochs_vae,learning_rate,dropout_input,dropout_hidden
0,1,0.7865853905677795,0.73277724,100,20,200,100,0.01,0.5,0.2
1,2,0.7300613522529602,0.73277724,100,20,200,100,0.01,0.5,0.2
2,3,0.6871165633201599,0.73277724,100,20,200,100,0.01,0.5,0.2
3,4,0.7607361674308777,0.73277724,100,20,200,100,0.01,0.5,0.2
4,5,0.699386477470398,0.73277724,100,20,200,100,0.01,0.5,0.2
