,Fold,accuracy,mean_accuracy,hidden_1,hidden_2,batch_size,epochs_vae,learning_rate,dropout_input,dropout_hidden
0,1,0.7987805008888245,0.7609831,100,20,200,100,0.01,0,0.2
1,2,0.754601240158081,0.7609831,100,20,200,100,0.01,0,0.2
2,3,0.7116564512252808,0.7609831,100,20,200,100,0.01,0,0.2
3,4,0.7791411280632019,0.7609831,100,20,200,100,0.01,0,0.2
4,5,0.7607361674308777,0.7609831,100,20,200,100,0.01,0,0.2
