,Fold,accuracy,mean_accuracy,hidden_1,hidden_2,batch_size,epochs_vae,learning_rate,dropout_input,dropout_hidden
0,1,0.7865853905677795,0.765906,100,20,200,100,0.01,0,0
1,2,0.7239263653755188,0.765906,100,20,200,100,0.01,0,0
2,3,0.7484662532806396,0.765906,100,20,200,100,0.01,0,0
3,4,0.8220859169960022,0.765906,100,20,200,100,0.01,0,0
4,5,0.7484662532806396,0.765906,100,20,200,100,0.01,0,0
