,Fold,accuracy,mean_accuracy,hidden_1,hidden_2,batch_size,epochs_vae,learning_rate,dropout_input,dropout_hidden
0,1,0.792682945728302,0.7695795,100,20,200,100,0.01,0.8,0.4
1,2,0.7484662532806396,0.7695795,100,20,200,100,0.01,0.8,0.4
2,3,0.7239263653755188,0.7695795,100,20,200,100,0.01,0.8,0.4
3,4,0.8282208442687988,0.7695795,100,20,200,100,0.01,0.8,0.4
4,5,0.754601240158081,0.7695795,100,20,200,100,0.01,0.8,0.4
