,Fold,accuracy,mean_accuracy,hidden_1,hidden_2,batch_size,epochs_vae,learning_rate,dropout_input,dropout_hidden
0,1,0.6707317233085632,0.7451893,100,20,200,100,0.01,0,0.8
1,2,0.7484662532806396,0.7451893,100,20,200,100,0.01,0,0.8
2,3,0.754601240158081,0.7451893,100,20,200,100,0.01,0,0.8
3,4,0.803680956363678,0.7451893,100,20,200,100,0.01,0,0.8
4,5,0.7484662532806396,0.7451893,100,20,200,100,0.01,0,0.8
