,Fold,accuracy,mean_accuracy,hidden_1,hidden_2,batch_size,epochs_vae,learning_rate,dropout_input,dropout_hidden
0,1,0.7621951103210449,0.754893,100,20,200,100,0.01,0.4,0.6
1,2,0.7607361674308777,0.754893,100,20,200,100,0.01,0.4,0.6
2,3,0.754601240158081,0.754893,100,20,200,100,0.01,0.4,0.6
3,4,0.7914110422134399,0.754893,100,20,200,100,0.01,0.4,0.6
4,5,0.7055214643478394,0.754893,100,20,200,100,0.01,0.4,0.6
