,Fold,accuracy,mean_accuracy,hidden_1,hidden_2,batch_size,epochs_vae,learning_rate,dropout_input,dropout_hidden
0,1,0.7012194991111755,0.6850292,100,20,200,100,0.01,0.4,0
1,2,0.6809815764427185,0.6850292,100,20,200,100,0.01,0.4,0
2,3,0.6564416885375977,0.6850292,100,20,200,100,0.01,0.4,0
3,4,0.7607361674308777,0.6850292,100,20,200,100,0.01,0.4,0
4,5,0.6257668733596802,0.6850292,100,20,200,100,0.01,0.4,0
