,Fold,accuracy,mean_accuracy,hidden_1,hidden_2,batch_size,epochs_vae,learning_rate,dropout_input,dropout_hidden
0,1,0.7195122241973877,0.7328595,300,100,200,100,0.01,0.2,0.6
1,2,0.7300613522529602,0.7328595,300,100,200,100,0.01,0.2,0.6
2,3,0.7300613522529602,0.7328595,300,100,200,100,0.01,0.2,0.6
3,4,0.7423312664031982,0.7328595,300,100,200,100,0.01,0.2,0.6
4,5,0.7423312664031982,0.7328595,300,100,200,100,0.01,0.2,0.6
