,accuracy,other_metrics,hidden_1,hidden_2,batch_size,epochs_vae,learning_rate,dropout_input,dropout_hidden
0,0.9152542352676392,"{'Basal': {'precision': 1.0, 'recall': 1.0, 'f1-score': 1.0, 'support': 43}, 'Her2': {'precision': 0.7777777777777778, 'recall': 0.875, 'f1-score': 0.823529411764706, 'support': 16}, 'LumA': {'precision': 0.937984496124031, 'recall': 0.9236641221374046, 'f1-score': 0.9307692307692308, 'support': 131}, 'LumB': {'precision': 0.8108108108108109, 'recall': 0.9375, 'f1-score': 0.8695652173913043, 'support': 32}, 'Normal': {'precision': 0.8888888888888888, 'recall': 0.5714285714285714, 'f1-score': 0.6956521739130435, 'support': 14}, 'micro avg': {'precision': 0.9152542372881356, 'recall': 0.9152542372881356, 'f1-score': 0.9152542372881356, 'support': 236}, 'macro avg': {'precision': 0.8830923947203017, 'recall': 0.8615185387131952, 'f1-score': 0.8639032067676569, 'support': 236}, 'weighted avg': {'precision': 0.9182661179113681, 'recall': 0.9152542372881356, 'f1-score': 0.9138663441114784, 'support': 236}}",300,100,50,100,0.001,0.8,0.8
