,accuracy,other_metrics,hidden_1,hidden_2,batch_size,epochs_vae,learning_rate,dropout_input,dropout_hidden
0,0.6059321761131287,"{'Basal': {'precision': 0.967741935483871, 'recall': 0.6976744186046512, 'f1-score': 0.810810810810811, 'support': 43}, 'Her2': {'precision': 0.15942028985507245, 'recall': 0.6875, 'f1-score': 0.2588235294117647, 'support': 16}, 'LumA': {'precision': 0.8070175438596491, 'recall': 0.7022900763358778, 'f1-score': 0.7510204081632653, 'support': 131}, 'LumB': {'precision': 0.45454545454545453, 'recall': 0.3125, 'f1-score': 0.3703703703703703, 'support': 32}, 'Normal': {'precision': 0.0, 'recall': 0.0, 'f1-score': 0.0, 'support': 14}, 'micro avg': {'precision': 0.6059322033898306, 'recall': 0.6059322033898306, 'f1-score': 0.6059322033898306, 'support': 236}, 'macro avg': {'precision': 0.47774504474880947, 'recall': 0.47999289898810577, 'f1-score': 0.43820502375124226, 'support': 236}, 'weighted avg': {'precision': 0.6967304265023567, 'recall': 0.6059322033898306, 'f1-score': 0.6323795197317489, 'support': 236}}",300,100,200,100,0.01,0.2,0
