,Fold,accuracy,mean_accuracy,hidden_1,hidden_2,batch_size,epochs_vae,learning_rate,dropout_input,dropout_hidden
0,1,0.8597561120986938,0.8357549,300,100,50,100,0.001,0,0.6
1,2,0.8404908180236816,0.8357549,300,100,50,100,0.001,0,0.6
2,3,0.8588957190513611,0.8357549,300,100,50,100,0.001,0,0.6
3,4,0.8282208442687988,0.8357549,300,100,50,100,0.001,0,0.6
4,5,0.7914110422134399,0.8357549,300,100,50,100,0.001,0,0.6
