,loss,acc,val_loss,val_acc
0,1.508300384189613,0.3212237060070038,1.473017550606764,0.290076345205307
1,1.0815368154536698,0.6443594694137573,1.2953908670949572,0.5190839767456055
2,0.8411983021358687,0.7418738007545471,1.1350020779908159,0.694656491279602
3,0.7569456101603536,0.7609942555427551,1.0001767377816995,0.7557252049446106
4,0.6657213953895277,0.7629063129425049,0.8787161494029387,0.7862595319747925
5,0.6199364403465738,0.7915869951248169,0.7784713251900127,0.8015267252922058
6,0.5511884638045987,0.8011472225189209,0.7030995356217595,0.8167939186096191
7,0.5336064664401242,0.8183556199073792,0.6433812903083918,0.8167939186096191
8,0.5024734520091609,0.8126195073127747,0.5909665308835852,0.8015267252922058
9,0.45066797739005227,0.8470363020896912,0.5482460362765625,0.8015267252922058
10,0.47648057939901406,0.8317399621009827,0.5163173395713777,0.7938931584358215
11,0.4620169348174254,0.8336520195007324,0.49057841960710424,0.7938931584358215
12,0.39149123931706065,0.8680688142776489,0.4702087404163739,0.7938931584358215
13,0.4199652507131916,0.8470363020896912,0.46023751260670087,0.7938931584358215
14,0.39193195777003215,0.8527724742889404,0.47058458159898076,0.7862595319747925
15,0.3938955354644965,0.8393881320953369,0.45238002861729104,0.7938931584358215
16,0.3949791866552306,0.8489483594894409,0.4522338584634184,0.8167939186096191
17,0.34214613713452285,0.866156816482544,0.45226741496843237,0.8396946787834167
18,0.3319598026644887,0.875717043876648,0.47188444924718553,0.8320610523223877
19,0.3383819373684221,0.8718929290771484,0.46982109751410156,0.8244274854660034
20,0.3538472216512231,0.8546845316886902,0.4732733277874139,0.8320610523223877
21,0.3181232246454542,0.8967494964599609,0.4813574042939048,0.8320610523223877
22,0.30963088540684425,0.8776290416717529,0.46033902250173436,0.8396946787834167
23,0.29048575891135525,0.8795410990715027,0.4659812564158258,0.8396946787834167
24,0.27914697467483024,0.9024856686592102,0.46940303394812666,0.8549618124961853
25,0.27152801602793925,0.9024856686592102,0.46368668620822995,0.8625954389572144
26,0.26398411096851865,0.90439772605896,0.45777165844240264,0.847328245639801
