,loss,acc,val_loss,val_acc
0,1.4982423595443055,0.35755258798599243,1.1252891944564936,0.5877862572669983
1,0.8302323640418554,0.7380496859550476,0.8841174317680243,0.7175572514533997
2,0.6375655240128191,0.7782026529312134,0.782846177807291,0.7557252049446106
3,0.5124646615571775,0.8279158473014832,0.7069847888618935,0.7786259651184082
4,0.4739018649033789,0.8240917921066284,0.6402430470663173,0.7862595319747925
5,0.45678912801222865,0.8336520195007324,0.585358863568488,0.7938931584358215
6,0.3951434608741199,0.8508604168891907,0.5402350503069754,0.8244274854660034
7,0.3435183659794226,0.8833652138710022,0.5077672063849354,0.8320610523223877
8,0.3247554396238199,0.875717043876648,0.4608093632086543,0.8625954389572144
9,0.3157073408650167,0.894837498664856,0.4283590139323519,0.8549618124961853
10,0.2996647296398593,0.8795410990715027,0.39722368735393493,0.8702290058135986
11,0.274013021480057,0.9005736112594604,0.384542852640152,0.885496199131012
12,0.2783595023829896,0.9024856686592102,0.3748773777757892,0.9007633328437805
13,0.26922146964597427,0.9005736112594604,0.3596833719097021,0.9007633328437805
14,0.28356416178706956,0.8910133838653564,0.34584008532626026,0.9007633328437805
15,0.2247180189673805,0.9177820086479187,0.33229820987650455,0.9007633328437805
16,0.20580370459228356,0.9177820086479187,0.33011489048713943,0.8931297659873962
17,0.19246933778772846,0.9464626908302307,0.33085090172199805,0.8931297659873962
18,0.20201075236610427,0.9388145208358765,0.34015298367456626,0.885496199131012
19,0.1954238284842234,0.933078408241272,0.34069137127344845,0.8931297659873962
20,0.20086063891934164,0.923518180847168,0.3451648527429304,0.885496199131012
21,0.1613129859159827,0.9579349756240845,0.3646109945901478,0.885496199131012
22,0.1697578685461449,0.942638635635376,0.37253716133023035,0.8778625726699829
23,0.1557959220719383,0.9541109204292297,0.39034531999180333,0.8625954389572144
24,0.1577416784121133,0.9407265782356262,0.36219620204153863,0.8702290058135986
25,0.15971718788374906,0.9464626908302307,0.3707494851742082,0.8702290058135986
26,0.12212007573982042,0.9674952030181885,0.3995524790450817,0.8702290058135986
