,loss,acc,val_loss,val_acc
0,1.560228416649714,0.3301343619823456,2.131358700854178,0.16030533611774445
1,0.9251551217401325,0.7101727724075317,1.3265031557956726,0.38167938590049744
2,0.6822862931725617,0.7639155387878418,0.9516114073855276,0.694656491279602
3,0.5504398482660414,0.8176583647727966,0.759671842778912,0.7786259651184082
4,0.4956979649767079,0.8272552490234375,0.6563691546898762,0.7862595319747925
5,0.4173120161850942,0.8618042469024658,0.5966524816196384,0.7938931584358215
6,0.40616130268276307,0.8560460805892944,0.5391759774612106,0.8320610523223877
7,0.37460071426206726,0.8579654693603516,0.5008749638804952,0.8625954389572144
8,0.33706752569799003,0.8714011311531067,0.4716292094183332,0.8702290058135986
9,0.31557572071016865,0.890595018863678,0.4361420667353477,0.8702290058135986
10,0.3047829639316749,0.8925144076347351,0.4124355762059452,0.885496199131012
11,0.28750603724692925,0.9078694581985474,0.39724206617315305,0.8931297659873962
12,0.2769887153910126,0.8925144076347351,0.38057983717845595,0.8931297659873962
13,0.23949917962134684,0.9289827346801758,0.35939087030541805,0.9007633328437805
14,0.23729349352462278,0.917466402053833,0.3553840117600128,0.9083969593048096
15,0.21977040955292743,0.9251439571380615,0.3450080697773067,0.885496199131012
16,0.22527175584017886,0.9155470132827759,0.32922215748379247,0.9007633328437805
17,0.19479155019926706,0.9347409009933472,0.32927136020805997,0.8931297659873962
18,0.2000556572728331,0.9366602897644043,0.33269545902277675,0.8931297659873962
19,0.18626675667552253,0.944337785243988,0.33550426227445823,0.885496199131012
20,0.1844498325217937,0.9481765627861023,0.3505403606491235,0.885496199131012
21,0.1890171921298966,0.9347409009933472,0.3722772511817117,0.8625954389572144
22,0.17432687567428984,0.9347409009933472,0.37284323823361,0.8625954389572144
23,0.1589124537646885,0.9500959515571594,0.35731147923542345,0.8625954389572144
24,0.1637204112824689,0.9385796785354614,0.3709080050919802,0.8549618124961853
25,0.1530308470616185,0.944337785243988,0.3453476115606213,0.8625954389572144
26,0.12572100907278153,0.9577735066413879,0.3315154450540324,0.885496199131012
