,loss,acc,val_loss,val_acc
0,1.543817891445488,0.28489482402801514,1.29190186052832,0.5267175436019897
1,1.0599795308669255,0.6233269572257996,1.1119482935839937,0.5648854970932007
2,0.7847412099801787,0.7571702003479004,0.9731175035010767,0.6335877776145935
3,0.6599472798763224,0.7877628803253174,0.8572758490802678,0.7022900581359863
4,0.5965869040379789,0.8049713373184204,0.7585332693944451,0.7404580116271973
5,0.5131172042048,0.8374760746955872,0.6827082602122357,0.7786259651184082
6,0.48179349964253076,0.8336520195007324,0.6299666057106192,0.7862595319747925
7,0.4179480164160464,0.8604206442832947,0.5780647817913812,0.8015267252922058
8,0.4007022134660535,0.8680688142776489,0.5391831475359793,0.8244274854660034
9,0.3949260692295563,0.8680688142776489,0.5013826468973669,0.8244274854660034
10,0.3572832520331753,0.875717043876648,0.47589993249369034,0.8396946787834167
11,0.35727213901497895,0.8680688142776489,0.44971393242137125,0.847328245639801
12,0.36311938333009897,0.8795410990715027,0.42990706451521576,0.8549618124961853
13,0.3129603775008003,0.8910133838653564,0.40775615204381577,0.8625954389572144
14,0.2913245526258166,0.9005736112594604,0.3944727143713536,0.8625954389572144
15,0.27095890617849266,0.9005736112594604,0.3813094064479566,0.8702290058135986
16,0.2671700578118829,0.8986615538597107,0.37673995740541066,0.8702290058135986
17,0.2775056884120117,0.9005736112594604,0.3548962639943334,0.8702290058135986
18,0.2293342129678161,0.9254302382469177,0.34423094009625094,0.8625954389572144
19,0.2232326138942693,0.9254302382469177,0.3531883766177956,0.8625954389572144
20,0.21072706939157518,0.933078408241272,0.3472622578380672,0.8625954389572144
21,0.22176043065282627,0.915869951248169,0.34685882675738733,0.8702290058135986
22,0.19953567443511683,0.9407265782356262,0.3538006321164488,0.8625954389572144
23,0.20621979017216663,0.9196940660476685,0.360278383238625,0.8549618124961853
24,0.1894455539707244,0.9369024634361267,0.3589432198582715,0.8625954389572144
25,0.1989560563466289,0.9369024634361267,0.379680851488623,0.8549618124961853
26,0.14630251176954456,0.9560229182243347,0.39048897696815377,0.847328245639801
27,0.1807365575609426,0.9388145208358765,0.4050501771555602,0.8396946787834167
28,0.14773179308634188,0.9598470330238342,0.4127098267314998,0.8396946787834167
