,loss,acc,val_loss,val_acc
0,1.3304530509799206,0.43977054953575134,1.1079877005278609,0.5572519302368164
1,0.7993086183276277,0.7265774607658386,0.8074532506120113,0.6717557311058044
2,0.6044467915540443,0.7934990525245667,0.6833598572789258,0.694656491279602
3,0.5252576994622414,0.8164436221122742,0.5934243602607087,0.8015267252922058
4,0.4653371509812758,0.8317399621009827,0.5351519263882674,0.8167939186096191
5,0.4309528329860184,0.8374760746955872,0.49327068019459264,0.8167939186096191
6,0.40310734886512245,0.8355640769004822,0.4594726630749593,0.8320610523223877
7,0.3598980794787179,0.875717043876648,0.44189034004247824,0.847328245639801
8,0.3641430367475258,0.8718929290771484,0.41521304618311294,0.847328245639801
9,0.33106325489841043,0.8871892690658569,0.39755676789138156,0.8549618124961853
10,0.30280487470143613,0.894837498664856,0.388520845247589,0.8549618124961853
11,0.2831719351886107,0.9063097238540649,0.37313643780373434,0.847328245639801
12,0.2899136486290518,0.8967494964599609,0.35470961546169893,0.8549618124961853
13,0.27488032789690775,0.90439772605896,0.34746501190971785,0.8549618124961853
14,0.24249886563243647,0.9177820086479187,0.3388974059174079,0.8625954389572144
15,0.24753236178002438,0.9101338386535645,0.33542346749596924,0.8625954389572144
16,0.24424129428188843,0.90439772605896,0.3431545969184118,0.8549618124961853
17,0.2224387931094343,0.9177820086479187,0.3490811236032093,0.8549618124961853
18,0.20161053578210833,0.9369024634361267,0.34598030548059305,0.8549618124961853
19,0.2030630561578342,0.9369024634361267,0.3751700431790971,0.847328245639801
20,0.18196120108860628,0.9407265782356262,0.41288872484032435,0.847328245639801
21,0.16076790277862185,0.9464626908302307,0.4616114092237167,0.8320610523223877
22,0.19370037847221697,0.9254302382469177,0.4608309435025426,0.8396946787834167
23,0.16878466932085232,0.942638635635376,0.45829327051876156,0.8320610523223877
24,0.1436080676904144,0.9598470330238342,0.4227830289884378,0.8549618124961853
25,0.15606780323141164,0.9560229182243347,0.44681537105836944,0.847328245639801
