,loss,acc,val_loss,val_acc
0,1.563316636741959,0.3403441607952118,1.6918147747753232,0.22900763154029846
1,0.9382066519264965,0.7055449485778809,1.0093412280992697,0.5572519302368164
2,0.6677835443507645,0.7820267677307129,0.6952769387769335,0.7862595319747925
3,0.5358668479135342,0.8260038495063782,0.5605262226730813,0.8091602921485901
4,0.4880207799816679,0.8240917921066284,0.493397853074183,0.8167939186096191
5,0.45638312345253124,0.8393881320953369,0.4570590971990396,0.847328245639801
6,0.3934437945969474,0.8623327016830444,0.4285722434065724,0.8625954389572144
7,0.34185655717070196,0.8871892690658569,0.405441046671103,0.8702290058135986
8,0.3296756787122322,0.8776290416717529,0.38615890563899324,0.8778625726699829
9,0.34102946742086976,0.8814531564712524,0.3735640215054723,0.8702290058135986
10,0.29435210172122567,0.8929254412651062,0.35884093646784776,0.8702290058135986
11,0.27134869539714906,0.90439772605896,0.35137932946663775,0.8702290058135986
12,0.27192015834793765,0.913957953453064,0.34271780111407507,0.8625954389572144
13,0.24997723267821464,0.9101338386535645,0.33343474566936493,0.8625954389572144
14,0.238951163697653,0.9196940660476685,0.32504305584740095,0.8625954389572144
15,0.2294256674912874,0.923518180847168,0.32099050806678886,0.8625954389572144
16,0.22105017777382757,0.9273422360420227,0.32174206337400973,0.8702290058135986
17,0.20348907998597418,0.9388145208358765,0.33059121270216146,0.8625954389572144
18,0.20750137360100537,0.915869951248169,0.33128508595564893,0.8778625726699829
19,0.19367305870322835,0.933078408241272,0.35382094638038225,0.8625954389572144
20,0.1911074294072948,0.9254302382469177,0.3821658308951909,0.8549618124961853
21,0.1591216199541639,0.9579349756240845,0.4091188134127901,0.8549618124961853
22,0.1574699083774085,0.9579349756240845,0.3988591762444445,0.8549618124961853
23,0.1782601943549417,0.9369024634361267,0.37489081839568744,0.8625954389572144
24,0.15559654482008167,0.9369024634361267,0.38910526355714287,0.847328245639801
25,0.12030753470515658,0.9694072604179382,0.3840979647090417,0.8549618124961853
