,loss,acc,val_loss,val_acc
0,1.4280899743732942,0.45889100432395935,0.9613040608304148,0.6717557311058044
1,0.9127281230676698,0.6711280941963196,0.7548577344144574,0.732824444770813
2,0.6869549514800595,0.7552581429481506,0.6784735435747918,0.7557252049446106
3,0.6247599341445398,0.7858508825302124,0.642423553776195,0.7709923386573792
4,0.5473541841908122,0.7992351651191711,0.6102150146287816,0.7862595319747925
5,0.49936312573817676,0.8221797347068787,0.566010283604833,0.7862595319747925
6,0.4848634273554581,0.8393881320953369,0.49976127452522745,0.8244274854660034
7,0.47919839164722944,0.8164436221122742,0.46565043926239014,0.8320610523223877
8,0.4277624785330282,0.8317399621009827,0.4376341830228121,0.8320610523223877
9,0.391158920116224,0.8508604168891907,0.42051398981618515,0.8320610523223877
10,0.36968972327376415,0.8776290416717529,0.3934326690571909,0.8396946787834167
11,0.38188577667021156,0.8451243042945862,0.381004084612577,0.8396946787834167
12,0.33137718675013483,0.885277271270752,0.37085455860800415,0.847328245639801
13,0.35523650431952103,0.8699808716773987,0.372604830119446,0.847328245639801
14,0.3052908237418071,0.9005736112594604,0.3809990088903267,0.8320610523223877
15,0.2973484560761807,0.885277271270752,0.3899995084027298,0.8320610523223877
16,0.29895061060757755,0.8871892690658569,0.41959530274376616,0.8320610523223877
17,0.327908487894339,0.8718929290771484,0.44989389545134917,0.8396946787834167
18,0.3065057938231109,0.8833652138710022,0.4261736307890361,0.847328245639801
19,0.24950269648153514,0.9024856686592102,0.40071179461843187,0.847328245639801
20,0.26176660050625555,0.9082217812538147,0.40507908449828167,0.847328245639801
21,0.26586111687679365,0.8967494964599609,0.4192911406964746,0.847328245639801
22,0.23203954379827524,0.9101338386535645,0.40976913079960653,0.847328245639801
