,loss,acc,val_loss,val_acc
0,1.8546526128885623,0.16634799540042877,2.130892537022365,0.09160305559635162
1,1.4065827183696098,0.4359464645385742,1.8118872678916873,0.10687022656202316
2,1.127466353813959,0.6214148998260498,1.553626186975086,0.30534350872039795
3,0.9431609046390818,0.7055449485778809,1.333748822903815,0.6335877776145935
4,0.8594316301108774,0.6959847211837769,1.1657569281017508,0.732824444770813
5,0.7792679364321109,0.7456979155540466,1.0347271033825765,0.8015267252922058
6,0.7656381698912917,0.7342256307601929,0.9153836287614954,0.7862595319747925
7,0.7133973627199862,0.7399617433547974,0.8156838690051595,0.7938931584358215
8,0.6787669733878987,0.7609942555427551,0.7229139909489464,0.8015267252922058
9,0.6335659163859788,0.7762906551361084,0.6496418964771824,0.8015267252922058
10,0.5997269150175967,0.7877628803253174,0.5900499108638472,0.8015267252922058
11,0.5658256719262832,0.7934990525245667,0.5449997400509492,0.8091602921485901
12,0.546695531497266,0.7973231077194214,0.5132794787410562,0.8091602921485901
13,0.5541901161064381,0.7973231077194214,0.4940062026486142,0.8167939186096191
14,0.5067758605767391,0.8202676773071289,0.4753517608606178,0.8167939186096191
15,0.5297896063122649,0.8164436221122742,0.4697411756479103,0.8244274854660034
16,0.5024657013539374,0.8068833947181702,0.4619490347290767,0.8244274854660034
17,0.45172435780328274,0.8355640769004822,0.45076566035965926,0.8320610523223877
18,0.4795113732436419,0.8413001894950867,0.45350008338462305,0.8244274854660034
19,0.4221690445853465,0.8298279047012329,0.45164321397097057,0.8244274854660034
20,0.46873181232074934,0.8126195073127747,0.454154166328998,0.8320610523223877
21,0.40253613595752824,0.8451243042945862,0.46936225254117075,0.8320610523223877
22,0.4071542287875772,0.8413001894950867,0.4700213111083926,0.8396946787834167
23,0.40826145304548583,0.8470363020896912,0.4729053237056004,0.8396946787834167
24,0.3979998524968528,0.8413001894950867,0.47896007181123923,0.847328245639801
25,0.375491189170294,0.8585085868835449,0.46564625146734806,0.8320610523223877
26,0.3818073208883661,0.8527724742889404,0.46151614917143613,0.8320610523223877
27,0.36599157730662346,0.8623327016830444,0.45083384272706417,0.8549618124961853
